protocol,model,dtype,config_id,batch_size,batch_timeout,run,dataset,users,spawn_rate,duration,request_count,failure_count,rps,p50_ms,p95_ms,p99_ms,stats_csv,html_report,gpu_csv,log_file
rest,uni,bf16,B1,8,0.01,1,prompts,100,1,15m,49912,0,55.59664298886142,1800,2100,2200,/root/gliner-guard-serve-pr-sweep-20260417/artifacts/raw-results/sweep/ray-rest-bf16-B1-uni-prompts-run1_stats.csv,/root/gliner-guard-serve-pr-sweep-20260417/artifacts/raw-results/sweep/ray-rest-bf16-B1-uni-prompts-run1.html,/root/gliner-guard-serve-pr-sweep-20260417/artifacts/raw-results/sweep/gpu-ray-rest-bf16-B1-uni-prompts-run1.csv,/root/gliner-guard-serve-pr-sweep-20260417/artifacts/logs/sweep/ray-rest-bf16-B1-uni-prompts-run1.log
grpc,uni,bf16,B1,8,0.01,1,prompts,100,1,15m,20245,0,22.358477245395434,44,50,54,/root/gliner-guard-serve-pr-sweep-20260417/artifacts/raw-results/sweep/ray-grpc-bf16-B1-uni-prompts-run1_stats.csv,/root/gliner-guard-serve-pr-sweep-20260417/artifacts/raw-results/sweep/ray-grpc-bf16-B1-uni-prompts-run1.html,/root/gliner-guard-serve-pr-sweep-20260417/artifacts/raw-results/sweep/gpu-ray-grpc-bf16-B1-uni-prompts-run1.csv,/root/gliner-guard-serve-pr-sweep-20260417/artifacts/logs/sweep/ray-grpc-bf16-B1-uni-prompts-run1.log
rest,uni,bf16,B2,8,0.05,1,prompts,100,1,15m,53140,0,59.16115239969414,1600,2300,4100,/root/gliner-guard-serve-pr-sweep-20260417/artifacts/raw-results/sweep/ray-rest-bf16-B2-uni-prompts-run1_stats.csv,/root/gliner-guard-serve-pr-sweep-20260417/artifacts/raw-results/sweep/ray-rest-bf16-B2-uni-prompts-run1.html,/root/gliner-guard-serve-pr-sweep-20260417/artifacts/raw-results/sweep/gpu-ray-rest-bf16-B2-uni-prompts-run1.csv,/root/gliner-guard-serve-pr-sweep-20260417/artifacts/logs/sweep/ray-rest-bf16-B2-uni-prompts-run1.log
grpc,uni,bf16,B2,8,0.05,1,prompts,100,1,15m,10586,0,11.59574243158501,83,99,100,/root/gliner-guard-serve-pr-sweep-20260417/artifacts/raw-results/sweep/ray-grpc-bf16-B2-uni-prompts-run1_stats.csv,/root/gliner-guard-serve-pr-sweep-20260417/artifacts/raw-results/sweep/ray-grpc-bf16-B2-uni-prompts-run1.html,/root/gliner-guard-serve-pr-sweep-20260417/artifacts/raw-results/sweep/gpu-ray-grpc-bf16-B2-uni-prompts-run1.csv,/root/gliner-guard-serve-pr-sweep-20260417/artifacts/logs/sweep/ray-grpc-bf16-B2-uni-prompts-run1.log
rest,uni,bf16,B3,16,0.01,1,prompts,100,1,15m,54700,0,60.93197494320123,1600,1800,1900,/root/gliner-guard-serve-pr-sweep-20260417/artifacts/raw-results/sweep/ray-rest-bf16-B3-uni-prompts-run1_stats.csv,/root/gliner-guard-serve-pr-sweep-20260417/artifacts/raw-results/sweep/ray-rest-bf16-B3-uni-prompts-run1.html,/root/gliner-guard-serve-pr-sweep-20260417/artifacts/raw-results/sweep/gpu-ray-rest-bf16-B3-uni-prompts-run1.csv,/root/gliner-guard-serve-pr-sweep-20260417/artifacts/logs/sweep/ray-rest-bf16-B3-uni-prompts-run1.log
grpc,uni,bf16,B3,16,0.01,1,prompts,100,1,15m,21090,0,23.272475538012504,42,46,48,/root/gliner-guard-serve-pr-sweep-20260417/artifacts/raw-results/sweep/ray-grpc-bf16-B3-uni-prompts-run1_stats.csv,/root/gliner-guard-serve-pr-sweep-20260417/artifacts/raw-results/sweep/ray-grpc-bf16-B3-uni-prompts-run1.html,/root/gliner-guard-serve-pr-sweep-20260417/artifacts/raw-results/sweep/gpu-ray-grpc-bf16-B3-uni-prompts-run1.csv,/root/gliner-guard-serve-pr-sweep-20260417/artifacts/logs/sweep/ray-grpc-bf16-B3-uni-prompts-run1.log
rest,uni,bf16,B4,16,0.05,1,prompts,100,1,15m,56971,0,63.458322341020875,1500,1700,1800,/root/gliner-guard-serve-pr-sweep-20260417/artifacts/raw-results/sweep/ray-rest-bf16-B4-uni-prompts-run1_stats.csv,/root/gliner-guard-serve-pr-sweep-20260417/artifacts/raw-results/sweep/ray-rest-bf16-B4-uni-prompts-run1.html,/root/gliner-guard-serve-pr-sweep-20260417/artifacts/raw-results/sweep/gpu-ray-rest-bf16-B4-uni-prompts-run1.csv,/root/gliner-guard-serve-pr-sweep-20260417/artifacts/logs/sweep/ray-rest-bf16-B4-uni-prompts-run1.log
grpc,uni,bf16,B4,16,0.05,1,prompts,100,1,15m,10539,0,11.533701469949909,84,98,100,/root/gliner-guard-serve-pr-sweep-20260417/artifacts/raw-results/sweep/ray-grpc-bf16-B4-uni-prompts-run1_stats.csv,/root/gliner-guard-serve-pr-sweep-20260417/artifacts/raw-results/sweep/ray-grpc-bf16-B4-uni-prompts-run1.html,/root/gliner-guard-serve-pr-sweep-20260417/artifacts/raw-results/sweep/gpu-ray-grpc-bf16-B4-uni-prompts-run1.csv,/root/gliner-guard-serve-pr-sweep-20260417/artifacts/logs/sweep/ray-grpc-bf16-B4-uni-prompts-run1.log
rest,uni,bf16,B5,32,0.05,1,prompts,100,1,15m,59302,0,66.0676262143657,1500,1700,1800,/root/gliner-guard-serve-pr-sweep-20260417/artifacts/raw-results/sweep/ray-rest-bf16-B5-uni-prompts-run1_stats.csv,/root/gliner-guard-serve-pr-sweep-20260417/artifacts/raw-results/sweep/ray-rest-bf16-B5-uni-prompts-run1.html,/root/gliner-guard-serve-pr-sweep-20260417/artifacts/raw-results/sweep/gpu-ray-rest-bf16-B5-uni-prompts-run1.csv,/root/gliner-guard-serve-pr-sweep-20260417/artifacts/logs/sweep/ray-rest-bf16-B5-uni-prompts-run1.log
grpc,uni,bf16,B5,32,0.05,1,prompts,100,1,15m,10289,0,11.253181727923625,85,98,100,/root/gliner-guard-serve-pr-sweep-20260417/artifacts/raw-results/sweep/ray-grpc-bf16-B5-uni-prompts-run1_stats.csv,/root/gliner-guard-serve-pr-sweep-20260417/artifacts/raw-results/sweep/ray-grpc-bf16-B5-uni-prompts-run1.html,/root/gliner-guard-serve-pr-sweep-20260417/artifacts/raw-results/sweep/gpu-ray-grpc-bf16-B5-uni-prompts-run1.csv,/root/gliner-guard-serve-pr-sweep-20260417/artifacts/logs/sweep/ray-grpc-bf16-B5-uni-prompts-run1.log
rest,uni,bf16,B6,32,0.10,1,prompts,100,1,15m,59201,0,65.90454707242722,1500,1700,1800,/root/gliner-guard-serve-pr-sweep-20260417/artifacts/raw-results/sweep/ray-rest-bf16-B6-uni-prompts-run1_stats.csv,/root/gliner-guard-serve-pr-sweep-20260417/artifacts/raw-results/sweep/ray-rest-bf16-B6-uni-prompts-run1.html,/root/gliner-guard-serve-pr-sweep-20260417/artifacts/raw-results/sweep/gpu-ray-rest-bf16-B6-uni-prompts-run1.csv,/root/gliner-guard-serve-pr-sweep-20260417/artifacts/logs/sweep/ray-rest-bf16-B6-uni-prompts-run1.log
grpc,uni,bf16,B6,32,0.10,1,prompts,100,1,15m,6268,0,6.772831142386949,150,160,160,/root/gliner-guard-serve-pr-sweep-20260417/artifacts/raw-results/sweep/ray-grpc-bf16-B6-uni-prompts-run1_stats.csv,/root/gliner-guard-serve-pr-sweep-20260417/artifacts/raw-results/sweep/ray-grpc-bf16-B6-uni-prompts-run1.html,/root/gliner-guard-serve-pr-sweep-20260417/artifacts/raw-results/sweep/gpu-ray-grpc-bf16-B6-uni-prompts-run1.csv,/root/gliner-guard-serve-pr-sweep-20260417/artifacts/logs/sweep/ray-grpc-bf16-B6-uni-prompts-run1.log
rest,uni,bf16,B7,64,0.05,1,prompts,100,1,15m,59201,0,65.94677487443548,1500,1900,2000,/root/gliner-guard-serve-pr-sweep-20260417/artifacts/raw-results/sweep/ray-rest-bf16-B7-uni-prompts-run1_stats.csv,/root/gliner-guard-serve-pr-sweep-20260417/artifacts/raw-results/sweep/ray-rest-bf16-B7-uni-prompts-run1.html,/root/gliner-guard-serve-pr-sweep-20260417/artifacts/raw-results/sweep/gpu-ray-rest-bf16-B7-uni-prompts-run1.csv,/root/gliner-guard-serve-pr-sweep-20260417/artifacts/logs/sweep/ray-rest-bf16-B7-uni-prompts-run1.log
grpc,uni,bf16,B7,64,0.05,1,prompts,100,1,15m,10589,0,11.579617757058147,84,98,100,/root/gliner-guard-serve-pr-sweep-20260417/artifacts/raw-results/sweep/ray-grpc-bf16-B7-uni-prompts-run1_stats.csv,/root/gliner-guard-serve-pr-sweep-20260417/artifacts/raw-results/sweep/ray-grpc-bf16-B7-uni-prompts-run1.html,/root/gliner-guard-serve-pr-sweep-20260417/artifacts/raw-results/sweep/gpu-ray-grpc-bf16-B7-uni-prompts-run1.csv,/root/gliner-guard-serve-pr-sweep-20260417/artifacts/logs/sweep/ray-grpc-bf16-B7-uni-prompts-run1.log
rest,uni,bf16,B8,64,0.10,1,prompts,100,1,15m,57318,0,63.7943146683702,1500,2100,2200,/root/gliner-guard-serve-pr-sweep-20260417/artifacts/raw-results/sweep/ray-rest-bf16-B8-uni-prompts-run1_stats.csv,/root/gliner-guard-serve-pr-sweep-20260417/artifacts/raw-results/sweep/ray-rest-bf16-B8-uni-prompts-run1.html,/root/gliner-guard-serve-pr-sweep-20260417/artifacts/raw-results/sweep/gpu-ray-rest-bf16-B8-uni-prompts-run1.csv,/root/gliner-guard-serve-pr-sweep-20260417/artifacts/logs/sweep/ray-rest-bf16-B8-uni-prompts-run1.log
grpc,uni,bf16,B8,64,0.10,1,prompts,100,1,15m,6268,0,6.78918683086218,150,160,160,/root/gliner-guard-serve-pr-sweep-20260417/artifacts/raw-results/sweep/ray-grpc-bf16-B8-uni-prompts-run1_stats.csv,/root/gliner-guard-serve-pr-sweep-20260417/artifacts/raw-results/sweep/ray-grpc-bf16-B8-uni-prompts-run1.html,/root/gliner-guard-serve-pr-sweep-20260417/artifacts/raw-results/sweep/gpu-ray-grpc-bf16-B8-uni-prompts-run1.csv,/root/gliner-guard-serve-pr-sweep-20260417/artifacts/logs/sweep/ray-grpc-bf16-B8-uni-prompts-run1.log
rest,uni,fp16,B1,8,0.01,1,prompts,100,1,15m,52529,0,58.48572305986496,1600,1900,2000,/root/gliner-guard-serve-pr-sweep-20260417/artifacts/raw-results/sweep/ray-rest-fp16-B1-uni-prompts-run1_stats.csv,/root/gliner-guard-serve-pr-sweep-20260417/artifacts/raw-results/sweep/ray-rest-fp16-B1-uni-prompts-run1.html,/root/gliner-guard-serve-pr-sweep-20260417/artifacts/raw-results/sweep/gpu-ray-rest-fp16-B1-uni-prompts-run1.csv,/root/gliner-guard-serve-pr-sweep-20260417/artifacts/logs/sweep/ray-rest-fp16-B1-uni-prompts-run1.log
grpc,uni,fp16,B1,8,0.01,1,prompts,100,1,15m,21297,0,23.495077674526602,41,47,51,/root/gliner-guard-serve-pr-sweep-20260417/artifacts/raw-results/sweep/ray-grpc-fp16-B1-uni-prompts-run1_stats.csv,/root/gliner-guard-serve-pr-sweep-20260417/artifacts/raw-results/sweep/ray-grpc-fp16-B1-uni-prompts-run1.html,/root/gliner-guard-serve-pr-sweep-20260417/artifacts/raw-results/sweep/gpu-ray-grpc-fp16-B1-uni-prompts-run1.csv,/root/gliner-guard-serve-pr-sweep-20260417/artifacts/logs/sweep/ray-grpc-fp16-B1-uni-prompts-run1.log
rest,uni,fp16,B2,8,0.05,1,prompts,100,1,15m,54761,0,61.13106688932205,1600,1800,1900,/root/gliner-guard-serve-pr-sweep-20260417/artifacts/raw-results/sweep/ray-rest-fp16-B2-uni-prompts-run1_stats.csv,/root/gliner-guard-serve-pr-sweep-20260417/artifacts/raw-results/sweep/ray-rest-fp16-B2-uni-prompts-run1.html,/root/gliner-guard-serve-pr-sweep-20260417/artifacts/raw-results/sweep/gpu-ray-rest-fp16-B2-uni-prompts-run1.csv,/root/gliner-guard-serve-pr-sweep-20260417/artifacts/logs/sweep/ray-rest-fp16-B2-uni-prompts-run1.log
grpc,uni,fp16,B2,8,0.05,1,prompts,100,1,15m,10132,0,11.092350328682166,84,100,100,/root/gliner-guard-serve-pr-sweep-20260417/artifacts/raw-results/sweep/ray-grpc-fp16-B2-uni-prompts-run1_stats.csv,/root/gliner-guard-serve-pr-sweep-20260417/artifacts/raw-results/sweep/ray-grpc-fp16-B2-uni-prompts-run1.html,/root/gliner-guard-serve-pr-sweep-20260417/artifacts/raw-results/sweep/gpu-ray-grpc-fp16-B2-uni-prompts-run1.csv,/root/gliner-guard-serve-pr-sweep-20260417/artifacts/logs/sweep/ray-grpc-fp16-B2-uni-prompts-run1.log
rest,uni,fp16,B3,16,0.01,1,prompts,100,1,15m,58244,0,64.86484662942351,1500,1700,1800,/root/gliner-guard-serve-pr-sweep-20260417/artifacts/raw-results/sweep/ray-rest-fp16-B3-uni-prompts-run1_stats.csv,/root/gliner-guard-serve-pr-sweep-20260417/artifacts/raw-results/sweep/ray-rest-fp16-B3-uni-prompts-run1.html,/root/gliner-guard-serve-pr-sweep-20260417/artifacts/raw-results/sweep/gpu-ray-rest-fp16-B3-uni-prompts-run1.csv,/root/gliner-guard-serve-pr-sweep-20260417/artifacts/logs/sweep/ray-rest-fp16-B3-uni-prompts-run1.log
grpc,uni,fp16,B3,16,0.01,1,prompts,100,1,15m,20900,0,23.07600478917026,42,46,51,/root/gliner-guard-serve-pr-sweep-20260417/artifacts/raw-results/sweep/ray-grpc-fp16-B3-uni-prompts-run1_stats.csv,/root/gliner-guard-serve-pr-sweep-20260417/artifacts/raw-results/sweep/ray-grpc-fp16-B3-uni-prompts-run1.html,/root/gliner-guard-serve-pr-sweep-20260417/artifacts/raw-results/sweep/gpu-ray-grpc-fp16-B3-uni-prompts-run1.csv,/root/gliner-guard-serve-pr-sweep-20260417/artifacts/logs/sweep/ray-grpc-fp16-B3-uni-prompts-run1.log
rest,uni,fp16,B4,16,0.05,1,prompts,100,1,15m,58842,0,65.54680995815964,1400,1700,3900,/root/gliner-guard-serve-pr-sweep-20260417/artifacts/raw-results/sweep/ray-rest-fp16-B4-uni-prompts-run1_stats.csv,/root/gliner-guard-serve-pr-sweep-20260417/artifacts/raw-results/sweep/ray-rest-fp16-B4-uni-prompts-run1.html,/root/gliner-guard-serve-pr-sweep-20260417/artifacts/raw-results/sweep/gpu-ray-rest-fp16-B4-uni-prompts-run1.csv,/root/gliner-guard-serve-pr-sweep-20260417/artifacts/logs/sweep/ray-rest-fp16-B4-uni-prompts-run1.log
grpc,uni,fp16,B4,16,0.05,1,prompts,100,1,15m,10536,0,11.558937116748103,83,100,100,/root/gliner-guard-serve-pr-sweep-20260417/artifacts/raw-results/sweep/ray-grpc-fp16-B4-uni-prompts-run1_stats.csv,/root/gliner-guard-serve-pr-sweep-20260417/artifacts/raw-results/sweep/ray-grpc-fp16-B4-uni-prompts-run1.html,/root/gliner-guard-serve-pr-sweep-20260417/artifacts/raw-results/sweep/gpu-ray-grpc-fp16-B4-uni-prompts-run1.csv,/root/gliner-guard-serve-pr-sweep-20260417/artifacts/logs/sweep/ray-grpc-fp16-B4-uni-prompts-run1.log
rest,uni,fp16,B5,32,0.05,1,prompts,100,1,15m,63750,0,71.07258049888318,1400,1600,1700,/root/gliner-guard-serve-pr-sweep-20260417/artifacts/raw-results/sweep/ray-rest-fp16-B5-uni-prompts-run1_stats.csv,/root/gliner-guard-serve-pr-sweep-20260417/artifacts/raw-results/sweep/ray-rest-fp16-B5-uni-prompts-run1.html,/root/gliner-guard-serve-pr-sweep-20260417/artifacts/raw-results/sweep/gpu-ray-rest-fp16-B5-uni-prompts-run1.csv,/root/gliner-guard-serve-pr-sweep-20260417/artifacts/logs/sweep/ray-rest-fp16-B5-uni-prompts-run1.log
grpc,uni,fp16,B5,32,0.05,1,prompts,100,1,15m,10533,0,11.51947282656772,83,98,100,/root/gliner-guard-serve-pr-sweep-20260417/artifacts/raw-results/sweep/ray-grpc-fp16-B5-uni-prompts-run1_stats.csv,/root/gliner-guard-serve-pr-sweep-20260417/artifacts/raw-results/sweep/ray-grpc-fp16-B5-uni-prompts-run1.html,/root/gliner-guard-serve-pr-sweep-20260417/artifacts/raw-results/sweep/gpu-ray-grpc-fp16-B5-uni-prompts-run1.csv,/root/gliner-guard-serve-pr-sweep-20260417/artifacts/logs/sweep/ray-grpc-fp16-B5-uni-prompts-run1.log
rest,uni,fp16,B6,32,0.10,1,prompts,100,1,15m,61168,0,68.15899362624968,1400,1600,2000,/root/gliner-guard-serve-pr-sweep-20260417/artifacts/raw-results/sweep/ray-rest-fp16-B6-uni-prompts-run1_stats.csv,/root/gliner-guard-serve-pr-sweep-20260417/artifacts/raw-results/sweep/ray-rest-fp16-B6-uni-prompts-run1.html,/root/gliner-guard-serve-pr-sweep-20260417/artifacts/raw-results/sweep/gpu-ray-rest-fp16-B6-uni-prompts-run1.csv,/root/gliner-guard-serve-pr-sweep-20260417/artifacts/logs/sweep/ray-rest-fp16-B6-uni-prompts-run1.log
grpc,uni,fp16,B6,32,0.10,1,prompts,100,1,15m,6468,0,7.009799680816319,140,160,160,/root/gliner-guard-serve-pr-sweep-20260417/artifacts/raw-results/sweep/ray-grpc-fp16-B6-uni-prompts-run1_stats.csv,/root/gliner-guard-serve-pr-sweep-20260417/artifacts/raw-results/sweep/ray-grpc-fp16-B6-uni-prompts-run1.html,/root/gliner-guard-serve-pr-sweep-20260417/artifacts/raw-results/sweep/gpu-ray-grpc-fp16-B6-uni-prompts-run1.csv,/root/gliner-guard-serve-pr-sweep-20260417/artifacts/logs/sweep/ray-grpc-fp16-B6-uni-prompts-run1.log
rest,uni,fp16,B7,64,0.05,1,prompts,100,1,15m,61383,0,68.3695427577043,1400,1800,2000,/root/gliner-guard-serve-pr-sweep-20260417/artifacts/raw-results/sweep/ray-rest-fp16-B7-uni-prompts-run1_stats.csv,/root/gliner-guard-serve-pr-sweep-20260417/artifacts/raw-results/sweep/ray-rest-fp16-B7-uni-prompts-run1.html,/root/gliner-guard-serve-pr-sweep-20260417/artifacts/raw-results/sweep/gpu-ray-rest-fp16-B7-uni-prompts-run1.csv,/root/gliner-guard-serve-pr-sweep-20260417/artifacts/logs/sweep/ray-rest-fp16-B7-uni-prompts-run1.log
grpc,uni,fp16,B7,64,0.05,1,prompts,100,1,15m,10589,0,11.596190320368288,84,99,100,/root/gliner-guard-serve-pr-sweep-20260417/artifacts/raw-results/sweep/ray-grpc-fp16-B7-uni-prompts-run1_stats.csv,/root/gliner-guard-serve-pr-sweep-20260417/artifacts/raw-results/sweep/ray-grpc-fp16-B7-uni-prompts-run1.html,/root/gliner-guard-serve-pr-sweep-20260417/artifacts/raw-results/sweep/gpu-ray-grpc-fp16-B7-uni-prompts-run1.csv,/root/gliner-guard-serve-pr-sweep-20260417/artifacts/logs/sweep/ray-grpc-fp16-B7-uni-prompts-run1.log
rest,uni,fp16,B8,64,0.10,1,prompts,100,1,15m,60541,0,67.45330749541331,1400,2000,2100,/root/gliner-guard-serve-pr-sweep-20260417/artifacts/raw-results/sweep/ray-rest-fp16-B8-uni-prompts-run1_stats.csv,/root/gliner-guard-serve-pr-sweep-20260417/artifacts/raw-results/sweep/ray-rest-fp16-B8-uni-prompts-run1.html,/root/gliner-guard-serve-pr-sweep-20260417/artifacts/raw-results/sweep/gpu-ray-rest-fp16-B8-uni-prompts-run1.csv,/root/gliner-guard-serve-pr-sweep-20260417/artifacts/logs/sweep/ray-rest-fp16-B8-uni-prompts-run1.log
grpc,uni,fp16,B8,64,0.10,1,prompts,100,1,15m,6368,0,6.921103457710938,140,160,160,/root/gliner-guard-serve-pr-sweep-20260417/artifacts/raw-results/sweep/ray-grpc-fp16-B8-uni-prompts-run1_stats.csv,/root/gliner-guard-serve-pr-sweep-20260417/artifacts/raw-results/sweep/ray-grpc-fp16-B8-uni-prompts-run1.html,/root/gliner-guard-serve-pr-sweep-20260417/artifacts/raw-results/sweep/gpu-ray-grpc-fp16-B8-uni-prompts-run1.csv,/root/gliner-guard-serve-pr-sweep-20260417/artifacts/logs/sweep/ray-grpc-fp16-B8-uni-prompts-run1.log
rest,bi,bf16,B1,8,0.01,1,prompts,100,1,15m,41496,0,46.227363287804316,2100,2400,2400,/root/gliner-guard-serve-pr-sweep-20260417/artifacts/raw-results/sweep/ray-rest-bf16-B1-bi-prompts-run1_stats.csv,/root/gliner-guard-serve-pr-sweep-20260417/artifacts/raw-results/sweep/ray-rest-bf16-B1-bi-prompts-run1.html,/root/gliner-guard-serve-pr-sweep-20260417/artifacts/raw-results/sweep/gpu-ray-rest-bf16-B1-bi-prompts-run1.csv,/root/gliner-guard-serve-pr-sweep-20260417/artifacts/logs/sweep/ray-rest-bf16-B1-bi-prompts-run1.log
grpc,bi,bf16,B1,8,0.01,1,prompts,100,1,15m,15865,0,17.44392225560605,56,62,67,/root/gliner-guard-serve-pr-sweep-20260417/artifacts/raw-results/sweep/ray-grpc-bf16-B1-bi-prompts-run1_stats.csv,/root/gliner-guard-serve-pr-sweep-20260417/artifacts/raw-results/sweep/ray-grpc-bf16-B1-bi-prompts-run1.html,/root/gliner-guard-serve-pr-sweep-20260417/artifacts/raw-results/sweep/gpu-ray-grpc-bf16-B1-bi-prompts-run1.csv,/root/gliner-guard-serve-pr-sweep-20260417/artifacts/logs/sweep/ray-grpc-bf16-B1-bi-prompts-run1.log
rest,bi,bf16,B2,8,0.05,1,prompts,100,1,15m,43694,0,48.67545818934006,2000,2200,2300,/root/gliner-guard-serve-pr-sweep-20260417/artifacts/raw-results/sweep/ray-rest-bf16-B2-bi-prompts-run1_stats.csv,/root/gliner-guard-serve-pr-sweep-20260417/artifacts/raw-results/sweep/ray-rest-bf16-B2-bi-prompts-run1.html,/root/gliner-guard-serve-pr-sweep-20260417/artifacts/raw-results/sweep/gpu-ray-rest-bf16-B2-bi-prompts-run1.csv,/root/gliner-guard-serve-pr-sweep-20260417/artifacts/logs/sweep/ray-rest-bf16-B2-bi-prompts-run1.log
grpc,bi,bf16,B2,8,0.05,1,prompts,100,1,15m,9045,0,9.88565518468793,100,110,110,/root/gliner-guard-serve-pr-sweep-20260417/artifacts/raw-results/sweep/ray-grpc-bf16-B2-bi-prompts-run1_stats.csv,/root/gliner-guard-serve-pr-sweep-20260417/artifacts/raw-results/sweep/ray-grpc-bf16-B2-bi-prompts-run1.html,/root/gliner-guard-serve-pr-sweep-20260417/artifacts/raw-results/sweep/gpu-ray-grpc-bf16-B2-bi-prompts-run1.csv,/root/gliner-guard-serve-pr-sweep-20260417/artifacts/logs/sweep/ray-grpc-bf16-B2-bi-prompts-run1.log
rest,bi,bf16,B3,16,0.01,1,prompts,100,1,15m,50252,0,55.98626883030914,1800,2000,2100,/root/gliner-guard-serve-pr-sweep-20260417/artifacts/raw-results/sweep/ray-rest-bf16-B3-bi-prompts-run1_stats.csv,/root/gliner-guard-serve-pr-sweep-20260417/artifacts/raw-results/sweep/ray-rest-bf16-B3-bi-prompts-run1.html,/root/gliner-guard-serve-pr-sweep-20260417/artifacts/raw-results/sweep/gpu-ray-rest-bf16-B3-bi-prompts-run1.csv,/root/gliner-guard-serve-pr-sweep-20260417/artifacts/logs/sweep/ray-rest-bf16-B3-bi-prompts-run1.log
grpc,bi,bf16,B3,16,0.01,1,prompts,100,1,15m,15515,0,17.094400955938152,57,63,69,/root/gliner-guard-serve-pr-sweep-20260417/artifacts/raw-results/sweep/ray-grpc-bf16-B3-bi-prompts-run1_stats.csv,/root/gliner-guard-serve-pr-sweep-20260417/artifacts/raw-results/sweep/ray-grpc-bf16-B3-bi-prompts-run1.html,/root/gliner-guard-serve-pr-sweep-20260417/artifacts/raw-results/sweep/gpu-ray-grpc-bf16-B3-bi-prompts-run1.csv,/root/gliner-guard-serve-pr-sweep-20260417/artifacts/logs/sweep/ray-grpc-bf16-B3-bi-prompts-run1.log
rest,bi,bf16,B4,16,0.05,1,prompts,100,1,15m,54273,0,60.416819638015035,1600,1800,1900,/root/gliner-guard-serve-pr-sweep-20260417/artifacts/raw-results/sweep/ray-rest-bf16-B4-bi-prompts-run1_stats.csv,/root/gliner-guard-serve-pr-sweep-20260417/artifacts/raw-results/sweep/ray-rest-bf16-B4-bi-prompts-run1.html,/root/gliner-guard-serve-pr-sweep-20260417/artifacts/raw-results/sweep/gpu-ray-rest-bf16-B4-bi-prompts-run1.csv,/root/gliner-guard-serve-pr-sweep-20260417/artifacts/logs/sweep/ray-rest-bf16-B4-bi-prompts-run1.log
grpc,bi,bf16,B4,16,0.05,1,prompts,100,1,15m,9183,0,10.010551890622793,98,110,110,/root/gliner-guard-serve-pr-sweep-20260417/artifacts/raw-results/sweep/ray-grpc-bf16-B4-bi-prompts-run1_stats.csv,/root/gliner-guard-serve-pr-sweep-20260417/artifacts/raw-results/sweep/ray-grpc-bf16-B4-bi-prompts-run1.html,/root/gliner-guard-serve-pr-sweep-20260417/artifacts/raw-results/sweep/gpu-ray-grpc-bf16-B4-bi-prompts-run1.csv,/root/gliner-guard-serve-pr-sweep-20260417/artifacts/logs/sweep/ray-grpc-bf16-B4-bi-prompts-run1.log
rest,bi,bf16,B5,32,0.05,1,prompts,100,1,15m,58778,0,65.49537918080516,1500,1700,1800,/root/gliner-guard-serve-pr-sweep-20260417/artifacts/raw-results/sweep/ray-rest-bf16-B5-bi-prompts-run1_stats.csv,/root/gliner-guard-serve-pr-sweep-20260417/artifacts/raw-results/sweep/ray-rest-bf16-B5-bi-prompts-run1.html,/root/gliner-guard-serve-pr-sweep-20260417/artifacts/raw-results/sweep/gpu-ray-rest-bf16-B5-bi-prompts-run1.csv,/root/gliner-guard-serve-pr-sweep-20260417/artifacts/logs/sweep/ray-rest-bf16-B5-bi-prompts-run1.log
grpc,bi,bf16,B5,32,0.05,1,prompts,100,1,15m,9338,0,10.20673387983134,97,100,110,/root/gliner-guard-serve-pr-sweep-20260417/artifacts/raw-results/sweep/ray-grpc-bf16-B5-bi-prompts-run1_stats.csv,/root/gliner-guard-serve-pr-sweep-20260417/artifacts/raw-results/sweep/ray-grpc-bf16-B5-bi-prompts-run1.html,/root/gliner-guard-serve-pr-sweep-20260417/artifacts/raw-results/sweep/gpu-ray-grpc-bf16-B5-bi-prompts-run1.csv,/root/gliner-guard-serve-pr-sweep-20260417/artifacts/logs/sweep/ray-grpc-bf16-B5-bi-prompts-run1.log
rest,bi,bf16,B6,32,0.10,1,prompts,100,1,15m,60057,0,66.89949536070665,1400,1700,1900,/root/gliner-guard-serve-pr-sweep-20260417/artifacts/raw-results/sweep/ray-rest-bf16-B6-bi-prompts-run1_stats.csv,/root/gliner-guard-serve-pr-sweep-20260417/artifacts/raw-results/sweep/ray-rest-bf16-B6-bi-prompts-run1.html,/root/gliner-guard-serve-pr-sweep-20260417/artifacts/raw-results/sweep/gpu-ray-rest-bf16-B6-bi-prompts-run1.csv,/root/gliner-guard-serve-pr-sweep-20260417/artifacts/logs/sweep/ray-rest-bf16-B6-bi-prompts-run1.log
grpc,bi,bf16,B6,32,0.10,1,prompts,100,1,15m,5905,0,6.383022876387618,150,160,170,/root/gliner-guard-serve-pr-sweep-20260417/artifacts/raw-results/sweep/ray-grpc-bf16-B6-bi-prompts-run1_stats.csv,/root/gliner-guard-serve-pr-sweep-20260417/artifacts/raw-results/sweep/ray-grpc-bf16-B6-bi-prompts-run1.html,/root/gliner-guard-serve-pr-sweep-20260417/artifacts/raw-results/sweep/gpu-ray-grpc-bf16-B6-bi-prompts-run1.csv,/root/gliner-guard-serve-pr-sweep-20260417/artifacts/logs/sweep/ray-grpc-bf16-B6-bi-prompts-run1.log
rest,bi,bf16,B7,64,0.05,1,prompts,100,1,15m,60148,0,67.01452829428759,1400,1900,2200,/root/gliner-guard-serve-pr-sweep-20260417/artifacts/raw-results/sweep/ray-rest-bf16-B7-bi-prompts-run1_stats.csv,/root/gliner-guard-serve-pr-sweep-20260417/artifacts/raw-results/sweep/ray-rest-bf16-B7-bi-prompts-run1.html,/root/gliner-guard-serve-pr-sweep-20260417/artifacts/raw-results/sweep/gpu-ray-rest-bf16-B7-bi-prompts-run1.csv,/root/gliner-guard-serve-pr-sweep-20260417/artifacts/logs/sweep/ray-rest-bf16-B7-bi-prompts-run1.log
grpc,bi,bf16,B7,64,0.05,1,prompts,100,1,15m,8882,0,9.718562260133014,98,110,110,/root/gliner-guard-serve-pr-sweep-20260417/artifacts/raw-results/sweep/ray-grpc-bf16-B7-bi-prompts-run1_stats.csv,/root/gliner-guard-serve-pr-sweep-20260417/artifacts/raw-results/sweep/ray-grpc-bf16-B7-bi-prompts-run1.html,/root/gliner-guard-serve-pr-sweep-20260417/artifacts/raw-results/sweep/gpu-ray-grpc-bf16-B7-bi-prompts-run1.csv,/root/gliner-guard-serve-pr-sweep-20260417/artifacts/logs/sweep/ray-grpc-bf16-B7-bi-prompts-run1.log
rest,bi,bf16,B8,64,0.10,1,prompts,100,1,15m,57022,0,63.498516953071395,1400,2100,2300,/root/gliner-guard-serve-pr-sweep-20260417/artifacts/raw-results/sweep/ray-rest-bf16-B8-bi-prompts-run1_stats.csv,/root/gliner-guard-serve-pr-sweep-20260417/artifacts/raw-results/sweep/ray-rest-bf16-B8-bi-prompts-run1.html,/root/gliner-guard-serve-pr-sweep-20260417/artifacts/raw-results/sweep/gpu-ray-rest-bf16-B8-bi-prompts-run1.csv,/root/gliner-guard-serve-pr-sweep-20260417/artifacts/logs/sweep/ray-rest-bf16-B8-bi-prompts-run1.log
